feature,importance
URLSimilarityIndex,0.2961979395247757
NoOfExternalRef,0.21982394621065057
NoOfSelfRef,0.18321613153861419
IsHTTPS,0.07055169336499868
NoOfOtherSpecialCharsInURL,0.043115180582565166
NoOfEmptyRef,0.03457502590827951
NoOfDegitsInURL,0.024856711684180986
URLLength,0.023456179273550534
DegitRatioInURL,0.021285183369476924
SpacialCharRatioInURL,0.020921145437416792
NoOfLettersInURL,0.017492724906055378
LetterRatioInURL,0.012290469330171415
URLCharProb,0.006683263824650686
CharContinuationRate,0.006194881187524306
NoOfSubDomain,0.006018164160266559
DomainLength,0.004504663527711831
TLDLegitimateProb,0.0033178326249295362
Pay,0.0028735019204215806
Bank,0.0010930112922412697
TLDLength,0.0006924636142215955
NoOfQMarkInURL,0.0003087769388782952
HasPasswordField,0.00017373406142044554
NoOfEqualsInURL,0.000125810810308727
HasExternalFormSubmit,0.00010811982490023059
NoOfSelfRedirect,4.604340840514355e-05
NoOfURLRedirect,3.865295621445554e-05
NoOfAmpersandInURL,1.9725309710527578e-05
Crypto,1.2877560562947937e-05
NoOfObfuscatedChar,5.585995452572831e-06
IsDomainIP,3.80739684856855e-07
HasObfuscation,1.7911175860742632e-07
ObfuscationRatio,0.0
